1	000007e0	60	[]
1	0000081c	92	[]
1	00000878	28	[]
1	000004c4	60	[FUN(000007e0), CALL(00000818)]
1	00000500	24	[FUN(000007e0), CALL(00000818)]
257	000005b8	12	[FUN(000007e0), CALL(00000818)]
1	000005c4	12	[FUN(000007e0), CALL(00000818)]
0	000005d0	56	[FUN(000007e0), CALL(00000818)]
1	0000066c	12	[FUN(000007e0), CALL(00000818)]
41	00000738	16	[FUN(000007e0), CALL(00000818)]
1	00000748	12	[FUN(000007e0), CALL(00000818)]
0	00000754	12	[FUN(000007e0), CALL(00000818)]
1	000007b8	20	[FUN(000007e0), CALL(00000818)]
1	00000760	88	[FUN(000007e0), CALL(00000818)]
40	00000678	12	[FUN(000007e0), CALL(00000818)]
40	00000684	60	[FUN(000007e0), CALL(00000818)]
40	000006ec	76	[FUN(000007e0), CALL(00000818)]
0	000006c0	44	[FUN(000007e0), CALL(00000818)]
1	00000608	12	[FUN(000007e0), CALL(00000818)]
1	00000614	88	[FUN(000007e0), CALL(00000818)]
256	00000518	32	[FUN(000007e0), CALL(00000818)]
256	00000538	128	[FUN(000007e0), CALL(00000818)]
256	00000410	80	[FUN(000007e0), CALL(00000818), FUN(000004c4), CALL(00000534)]
2304	000004a4	12	[FUN(000007e0), CALL(00000818), FUN(000004c4), CALL(00000534)]
256	000004b0	20	[FUN(000007e0), CALL(00000818), FUN(000004c4), CALL(00000534)]
2048	00000460	12	[FUN(000007e0), CALL(00000818), FUN(000004c4), CALL(00000534)]
2048	0000046c	32	[FUN(000007e0), CALL(00000818), FUN(000004c4), CALL(00000534)]
2048	00000498	12	[FUN(000007e0), CALL(00000818), FUN(000004c4), CALL(00000534)]
0	0000048c	12	[FUN(000007e0), CALL(00000818), FUN(000004c4), CALL(00000534)]
1	000004c4	60	[FUN(000007e0), CALL(00000874)]
1	00000500	24	[FUN(000007e0), CALL(00000874)]
1	000005b8	12	[FUN(000007e0), CALL(00000874)]
1	000005c4	12	[FUN(000007e0), CALL(00000874)]
0	000005d0	56	[FUN(000007e0), CALL(00000874)]
1	0000066c	12	[FUN(000007e0), CALL(00000874)]
43	00000738	16	[FUN(000007e0), CALL(00000874)]
1	00000748	12	[FUN(000007e0), CALL(00000874)]
0	00000754	12	[FUN(000007e0), CALL(00000874)]
1	000007b8	20	[FUN(000007e0), CALL(00000874)]
1	00000760	88	[FUN(000007e0), CALL(00000874)]
42	00000678	12	[FUN(000007e0), CALL(00000874)]
42	00000684	60	[FUN(000007e0), CALL(00000874)]
42	000006ec	76	[FUN(000007e0), CALL(00000874)]
0	000006c0	44	[FUN(000007e0), CALL(00000874)]
1	00000608	12	[FUN(000007e0), CALL(00000874)]
1	00000614	88	[FUN(000007e0), CALL(00000874)]
0	00000518	32	[FUN(000007e0), CALL(00000874)]
0	00000538	128	[FUN(000007e0), CALL(00000874)]
0	00000410	80	[FUN(000007e0), CALL(00000874), FUN(000004c4), CALL(00000534)]
0	000004a4	12	[FUN(000007e0), CALL(00000874), FUN(000004c4), CALL(00000534)]
0	000004b0	20	[FUN(000007e0), CALL(00000874), FUN(000004c4), CALL(00000534)]
0	00000460	12	[FUN(000007e0), CALL(00000874), FUN(000004c4), CALL(00000534)]
0	0000046c	32	[FUN(000007e0), CALL(00000874), FUN(000004c4), CALL(00000534)]
0	00000498	12	[FUN(000007e0), CALL(00000874), FUN(000004c4), CALL(00000534)]
0	0000048c	12	[FUN(000007e0), CALL(00000874), FUN(000004c4), CALL(00000534)]
