21	000007e0	60	[]
27	0000081c	92	[]
10	00000878	28	[]
21	000004c4	60	[FUN(000007e0), CALL(00000818)]
8	00000500	24	[FUN(000007e0), CALL(00000818)]
1030	000005b8	12	[FUN(000007e0), CALL(00000818)]
5	000005c4	12	[FUN(000007e0), CALL(00000818)]
0	000005d0	56	[FUN(000007e0), CALL(00000818)]
4	0000066c	12	[FUN(000007e0), CALL(00000818)]
249	00000738	16	[FUN(000007e0), CALL(00000818)]
5	00000748	12	[FUN(000007e0), CALL(00000818)]
0	00000754	12	[FUN(000007e0), CALL(00000818)]
9	000007b8	20	[FUN(000007e0), CALL(00000818)]
27	00000760	88	[FUN(000007e0), CALL(00000818)]
240	00000678	12	[FUN(000007e0), CALL(00000818)]
800	00000684	60	[FUN(000007e0), CALL(00000818)]
920	000006ec	76	[FUN(000007e0), CALL(00000818)]
0	000006c0	44	[FUN(000007e0), CALL(00000818)]
6	00000608	12	[FUN(000007e0), CALL(00000818)]
25	00000614	88	[FUN(000007e0), CALL(00000818)]
3328	00000518	32	[FUN(000007e0), CALL(00000818)]
9728	00000538	128	[FUN(000007e0), CALL(00000818)]
5632	00000410	80	[FUN(000007e0), CALL(00000818), FUN(000004c4), CALL(00000534)]
11776	000004a4	12	[FUN(000007e0), CALL(00000818), FUN(000004c4), CALL(00000534)]
1536	000004b0	20	[FUN(000007e0), CALL(00000818), FUN(000004c4), CALL(00000534)]
12288	00000460	12	[FUN(000007e0), CALL(00000818), FUN(000004c4), CALL(00000534)]
16384	0000046c	32	[FUN(000007e0), CALL(00000818), FUN(000004c4), CALL(00000534)]
12288	00000498	12	[FUN(000007e0), CALL(00000818), FUN(000004c4), CALL(00000534)]
0	0000048c	12	[FUN(000007e0), CALL(00000818), FUN(000004c4), CALL(00000534)]
21	000004c4	60	[FUN(000007e0), CALL(00000874)]
8	00000500	24	[FUN(000007e0), CALL(00000874)]
7	000005b8	12	[FUN(000007e0), CALL(00000874)]
5	000005c4	12	[FUN(000007e0), CALL(00000874)]
0	000005d0	56	[FUN(000007e0), CALL(00000874)]
4	0000066c	12	[FUN(000007e0), CALL(00000874)]
261	00000738	16	[FUN(000007e0), CALL(00000874)]
5	00000748	12	[FUN(000007e0), CALL(00000874)]
0	00000754	12	[FUN(000007e0), CALL(00000874)]
9	000007b8	20	[FUN(000007e0), CALL(00000874)]
28	00000760	88	[FUN(000007e0), CALL(00000874)]
252	00000678	12	[FUN(000007e0), CALL(00000874)]
840	00000684	60	[FUN(000007e0), CALL(00000874)]
966	000006ec	76	[FUN(000007e0), CALL(00000874)]
0	000006c0	44	[FUN(000007e0), CALL(00000874)]
6	00000608	12	[FUN(000007e0), CALL(00000874)]
25	00000614	88	[FUN(000007e0), CALL(00000874)]
0	00000518	32	[FUN(000007e0), CALL(00000874)]
0	00000538	128	[FUN(000007e0), CALL(00000874)]
0	00000410	80	[FUN(000007e0), CALL(00000874), FUN(000004c4), CALL(00000534)]
0	000004a4	12	[FUN(000007e0), CALL(00000874), FUN(000004c4), CALL(00000534)]
0	000004b0	20	[FUN(000007e0), CALL(00000874), FUN(000004c4), CALL(00000534)]
0	00000460	12	[FUN(000007e0), CALL(00000874), FUN(000004c4), CALL(00000534)]
0	0000046c	32	[FUN(000007e0), CALL(00000874), FUN(000004c4), CALL(00000534)]
0	00000498	12	[FUN(000007e0), CALL(00000874), FUN(000004c4), CALL(00000534)]
0	0000048c	12	[FUN(000007e0), CALL(00000874), FUN(000004c4), CALL(00000534)]
