8,0
8.002,4
8.004,4
8.006,16
8.008,28
8.01,44
8.012,53
8.014,72
8.016,93
8.018,104
8.02,128
8.022,152
8.024,165
8.026,178
8.028,206
8.03,234
8.032,264
8.034,280
8.036,296
8.038,312
8.04,345
8.042,362
8.044,397
8.046,432
8.048,450
8.05,488
8.052,525
8.054,545
8.056,563
8.058,583
8.06,583
8.062,602
8.064,622
8.066,643
8.068,643
8.07,643
8.072,643
8.074,643
8.076,643
8.078,643
8.08,643
8.082,643
8.084,643
8.086,643
8.088,643
8.09,643
8.092,643
8.094,643
8.096,643
8.098,643
8.1,643
8.102,643
8.104,643
8.106,643
8.108,643
8.11,643
8.112,643
8.114,643
8.116,643
8.118,643
8.12,643
8.122,643
8.124,643
8.126,643
8.128,643
8.13,643
8.132,643
8.134,643
8.136,643
8.138,643
8.14,643
8.142,643
8.144,643
8.146,643
8.148,643
8.15,643
8.152,643
8.154,643
8.156,643
8.158,643
8.16,643
8.162,643
8.164,643
8.166,643
8.168,643
8.17,643
8.172,643
8.174,643
8.176,643
8.178,643
8.18,643
8.182,643
8.184,643
8.186,643
8.188,643
8.19,643
8.192,643
8.194,643
8.196,643
8.198,643
8.2,643
8.202,643
8.204,643
8.206,643
8.208,643
8.21,643
8.212,643
8.214,643
8.216,643
8.218,643
8.22,643
8.222,643
8.224,643
8.226,643
8.228,643
8.23,643
8.232,643
8.234,643
8.236,643
8.238,643
8.24,643
8.242,643
8.244,643
8.246,643
8.248,643
8.25,643
8.252,643
8.254,643
8.256,643
8.258,643
8.26,643
8.262,643
8.264,643
8.266,643
8.268,643
8.27,643
8.272,643
8.274,643
8.276,643
8.278,643
8.28,643
8.282,643
8.284,643
8.286,643
8.288,643
8.29,643
8.292,643
8.294,643
8.296,643
8.298,643
8.3,643
8.302,643
8.304,643
8.306,643
8.308,643
8.31,643
8.312,643
8.314,643
8.316,643
8.318,643
8.32,643
8.322,643
8.324,643
8.326,643
8.328,643
8.33,643
8.332,643
8.334,643
8.336,643
8.338,643
8.34,643
8.342,643
8.344,643
8.346,643
8.348,643
8.35,643
8.352,643
8.354,643
8.356,643
8.358,643
8.36,643
8.362,643
8.364,643
8.366,643
8.368,643
8.37,643
8.372,643
8.374,643
8.376,643
8.378,643
8.38,643
8.382,643
8.384,643
8.386,643
8.388,643
8.39,643
8.392,643
8.394,643
8.396,643
8.398,643
8.4,643
8.402,643
8.404,643
8.406,643
8.408,643
8.41,643
8.412,643
8.414,643
8.416,643
8.418,643
8.42,643
8.422,643
8.424,643
8.426,643
8.428,643
8.43,643
8.432,643
8.434,643
8.436,643
8.438,643
8.44,643
8.442,643
8.444,643
8.446,643
8.448,643
8.45,643
8.452,643
8.454,643
8.456,643
8.458,643
8.46,643
8.462,643
8.464,643
8.466,643
8.468,643
8.47,643
8.472,643
8.474,643
8.476,643
8.478,643
8.48,643
8.482,643
8.484,643
8.486,643
8.488,643
8.49,643
8.492,643
8.494,643
8.496,643
8.498,643
8.5,643
8.502,643
8.504,643
8.506,643
8.508,643
8.51,643
8.512,643
8.514,643
8.516,643
8.518,643
8.52,643
8.522,643
8.524,643
8.526,643
8.528,643
8.53,643
8.532,643
8.534,643
8.536,643
8.538,643
8.54,643
8.542,643
8.544,643
8.546,643
8.548,643
8.55,643
8.552,643
8.554,643
8.556,643
8.558,643
8.56,643
8.562,643
8.564,643
8.566,643
8.568,643
8.57,643
8.572,643
8.574,643
8.576,643
8.578,643
8.58,643
8.582,643
8.584,643
8.586,643
8.588,643
8.59,643
8.592,643
8.594,643
8.596,643
8.598,643
8.6,643
8.602,643
8.604,643
8.606,643
8.608,643
8.61,643
8.612,643
8.614,643
8.616,643
8.618,643
8.62,643
8.622,643
8.624,643
8.626,643
8.628,643
8.63,643
8.632,643
8.634,643
8.636,643
8.638,643
8.64,643
8.642,643
8.644,643
8.646,643
8.648,643
8.65,643
8.652,643
8.654,643
8.656,643
8.658,643
8.66,643
8.662,643
8.664,643
8.666,643
8.668,643
8.67,643
8.672,643
8.674,643
8.676,643
8.678,643
8.68,643
8.682,643
8.684,643
8.686,643
8.688,643
8.69,643
8.692,643
8.694,643
8.696,643
8.698,643
8.7,643
8.702,643
8.704,643
8.706,643
8.708,643
8.71,643
8.712,643
8.714,643
8.716,643
8.718,643
8.72,643
8.722,643
8.724,643
8.726,643
8.728,643
8.73,643
8.732,643
8.734,643
8.736,643
8.738,643
8.74,643
8.742,643
8.744,643
8.746,643
8.748,643
8.75,643
8.752,643
8.754,643
8.756,643
8.758,643
8.76,643
8.762,643
8.764,643
8.766,643
8.768,643
8.77,643
8.772,643
8.774,643
8.776,643
8.778,643
8.78,643
8.782,643
8.784,643
8.786,643
8.788,643
8.79,643
8.792,643
8.794,643
8.796,643
8.798,643
8.8,643
8.802,643
8.804,643
8.806,643
8.808,643
8.81,643
8.812,643
8.814,643
8.816,643
8.818,643
8.82,643
8.822,643
8.824,643
8.826,643
8.828,643
8.83,643
8.832,643
8.834,643
8.836,643
8.838,643
8.84,643
8.842,643
8.844,643
8.846,643
8.848,643
8.85,643
8.852,643
8.854,643
8.856,643
8.858,643
8.86,643
8.862,643
8.864,643
8.866,643
8.868,643
8.87,643
8.872,643
8.874,643
8.876,643
8.878,643
8.88,643
8.882,643
8.884,643
8.886,643
8.888,643
8.89,643
8.892,643
8.894,643
8.896,643
8.898,643
8.9,643
8.902,643
8.904,643
8.906,643
8.908,643
8.91,643
8.912,643
8.914,643
8.916,643
8.918,643
8.92,643
8.922,643
8.924,643
8.926,643
8.928,643
8.93,643
8.932,643
8.934,643
8.936,643
8.938,643
8.94,643
8.942,643
8.944,643
8.946,643
8.948,643
8.95,643
8.952,643
8.954,643
8.956,643
8.958,643
8.96,643
8.962,643
8.964,643
8.966,643
8.968,643
8.97,643
8.972,643
8.974,643
8.976,643
8.978,643
8.98,643
8.982,643
8.984,643
8.986,643
8.988,643
8.99,643
8.992,643
8.994,643
8.996,643
8.998,643
9.0,643
9.002,643
9.004,643
9.006,643
9.008,643
9.01,643
9.012,643
9.014,643
9.016,643
9.018,643
9.02,643
9.022,643
9.024,643
9.026,643
9.028,643
9.03,643
9.032,643
9.034,643
9.036,643
9.038,643
9.04,643
9.042,643
9.044,643
9.046,643
9.048,643
9.05,643
9.052,643
9.054,643
9.056,643
9.058,643
9.06,643
9.062,643
9.064,643
9.066,643
9.068,643
9.07,643
9.072,643
9.074,643
9.076,643
9.078,643
9.08,643
9.082,643
9.084,643
9.086,643
9.088,643
9.09,643
9.092,643
9.094,643
9.096,643
9.098,643
9.1,643
9.102,643
9.104,643
9.106,643
9.108,643
9.11,643
9.112,643
9.114,643
9.116,643
9.118,643
9.12,643
9.122,643
9.124,643
9.126,643
9.128,643
9.13,643
9.132,643
9.134,643
9.136,643
9.138,643
9.14,643
9.142,643
9.144,643
9.146,643
9.148,643
9.15,643
9.152,643
9.154,643
9.156,643
9.158,643
9.16,643
9.162,643
9.164,643
9.166,643
9.168,643
9.17,643
9.172,643
9.174,643
9.176,643
9.178,643
9.18,643
9.182,643
9.184,643
9.186,643
9.188,643
9.19,643
9.192,643
9.194,643
9.196,643
9.198,643
9.2,643
9.202,643
9.204,643
9.206,643
9.208,643
9.21,643
9.212,643
9.214,643
9.216,643
9.218,643
9.22,643
9.222,643
9.224,643
9.226,643
9.228,643
9.23,643
9.232,643
9.234,643
9.236,643
9.238,643
9.24,643
9.242,643
9.244,643
9.246,643
9.248,643
9.25,643
9.252,643
9.254,643
9.256,643
9.258,643
9.26,643
9.262,643
9.264,643
9.266,643
9.268,643
9.27,643
9.272,643
9.274,643
9.276,643
9.278,643
9.28,643
9.282,643
9.284,643
9.286,643
9.288,643
9.29,643
9.292,643
9.294,643
9.296,643
9.298,643
9.3,643
9.302,643
9.304,643
9.306,643
9.308,643
9.31,643
9.312,643
9.314,643
9.316,643
9.318,643
9.32,643
9.322,643
9.324,643
9.326,643
9.328,643
9.33,643
9.332,643
9.334,643
9.336,643
9.338,643
9.34,643
9.342,643
9.344,643
9.346,643
9.348,643
9.35,643
9.352,643
9.354,643
9.356,643
9.358,643
9.36,643
9.362,643
9.364,643
9.366,643
9.368,643
9.37,643
9.372,643
9.374,643
9.376,643
9.378,643
9.38,643
9.382,643
9.384,643
9.386,643
9.388,643
9.39,643
9.392,643
9.394,643
9.396,643
9.398,643
9.4,643
9.402,643
9.404,643
9.406,643
9.408,643
9.41,643
9.412,643
9.414,643
9.416,643
9.418,643
9.42,643
9.422,643
9.424,643
9.426,643
9.428,643
9.43,643
9.432,643
9.434,643
9.436,643
9.438,643
9.44,643
9.442,643
9.444,643
9.446,643
9.448,643
9.45,643
9.452,643
9.454,643
9.456,643
9.458,643
9.46,643
9.462,643
9.464,643
9.466,643
9.468,643
9.47,643
9.472,643
9.474,643
9.476,643
9.478,643
9.48,643
9.482,643
9.484,643
9.486,643
9.488,643
9.49,643
9.492,643
9.494,643
9.496,643
9.498,643
9.5,643
9.502,643
9.504,643
9.506,643
9.508,643
9.51,643
9.512,643
9.514,643
9.516,643
9.518,643
9.52,643
9.522,643
9.524,643
9.526,643
9.528,643
9.53,643
9.532,643
9.534,643
9.536,643
9.538,643
9.54,643
9.542,643
9.544,643
9.546,643
9.548,643
9.55,643
9.552,643
9.554,643
9.556,643
9.558,643
9.56,643
9.562,643
9.564,643
9.566,643
9.568,643
9.57,643
9.572,643
9.574,643
9.576,643
9.578,643
9.58,643
9.582,643
9.584,643
9.586,643
9.588,643
9.59,643
9.592,643
9.594,643
9.596,643
9.598,643
9.6,643
9.602,643
9.604,643
9.606,643
9.608,643
9.61,643
9.612,643
9.614,643
9.616,643
9.618,643
9.62,643
9.622,643
9.624,643
9.626,643
9.628,643
9.63,643
9.632,643
9.634,643
9.636,643
9.638,643
9.64,643
9.642,643
9.644,643
9.646,643
9.648,643
9.65,643
9.652,643
9.654,643
9.656,643
9.658,643
9.66,643
9.662,643
9.664,643
9.666,643
9.668,643
9.67,643
9.672,643
9.674,643
9.676,643
9.678,643
9.68,643
9.682,643
9.684,643
9.686,643
9.688,643
9.69,643
9.692,643
9.694,643
9.696,643
9.698,643
9.7,643
9.702,643
9.704,643
9.706,643
9.708,643
9.71,643
9.712,643
9.714,643
9.716,643
9.718,643
9.72,643
9.722,643
9.724,643
9.726,643
9.728,643
9.73,643
9.732,643
9.734,643
9.736,643
9.738,643
9.74,643
9.742,643
9.744,643
9.746,643
9.748,643
9.75,643
9.752,643
9.754,643
9.756,643
9.758,643
9.76,643
9.762,643
9.764,643
9.766,643
9.768,643
9.77,643
9.772,643
9.774,643
9.776,643
9.778,643
9.78,643
9.782,643
9.784,643
9.786,643
9.788,643
9.79,643
9.792,643
9.794,643
9.796,643
9.798,643
9.8,643
9.802,643
9.804,643
9.806,643
9.808,643
9.81,643
9.812,643
9.814,643
9.816,643
9.818,643
9.82,643
9.822,643
9.824,643
9.826,643
9.828,643
9.83,643
9.832,643
9.834,643
9.836,643
9.838,643
9.84,643
9.842,643
9.844,643
9.846,643
9.848,643
9.85,643
9.852,643
9.854,643
9.856,643
9.858,643
9.86,643
9.862,643
9.864,643
9.866,643
9.868,643
9.87,643
9.872,643
9.874,643
9.876,643
9.878,643
9.88,643
9.882,643
9.884,643
9.886,643
9.888,643
9.89,643
9.892,643
9.894,643
9.896,643
9.898,643
9.9,643
9.902,643
9.904,643
9.906,643
9.908,643
9.91,643
9.912,643
9.914,643
9.916,643
9.918,643
9.92,643
9.922,643
9.924,643
9.926,643
9.928,643
9.93,643
9.932,643
9.934,643
9.936,643
9.938,643
9.94,643
9.942,643
9.944,643
9.946,643
9.948,643
9.95,643
9.952,643
9.954,643
9.956,643
9.958,643
9.96,643
9.962,643
9.964,643
9.966,643
9.968,643
9.97,643
9.972,643
9.974,643
9.976,643
9.978,643
9.98,643
9.982,643
9.984,643
9.986,643
9.988,643
9.99,643
9.992,643
9.994,643
9.996,643
9.998,643
10.0,643
10.002,643
10.004,643
10.006,643
10.008,643
10.01,643
10.012,643
10.014,643
10.016,643
10.018,643
10.02,643
10.022,643
10.024,643
10.026,643
10.028,643
10.03,643
10.032,643
10.034,643
10.036,643
10.038,643
10.04,643
10.042,643
10.044,643
10.046,643
10.048,643
10.05,643
10.052,643
10.054,643
10.056,643
10.058,643
10.06,643
10.062,643
10.064,643
10.066,643
10.068,643
10.07,643
10.072,643
10.074,643
10.076,643
10.078,643
10.08,643
10.082,643
10.084,643
10.086,643
10.088,643
10.09,643
10.092,643
10.094,643
10.096,643
10.098,643
10.1,643
10.102,643
10.104,643
10.106,643
10.108,643
10.11,643
10.112,643
10.114,643
10.116,643
10.118,643
10.12,643
10.122,643
10.124,643
10.126,643
10.128,643
10.13,643
10.132,643
10.134,643
10.136,643
10.138,643
10.14,643
10.142,643
10.144,643
10.146,643
10.148,643
10.15,643
10.152,643
10.154,643
10.156,643
10.158,643
10.16,643
10.162,643
10.164,643
10.166,643
10.168,643
10.17,643
10.172,643
10.174,643
10.176,643
10.178,643
10.18,643
10.182,643
10.184,643
10.186,643
10.188,643
10.19,643
10.192,643
10.194,643
10.196,643
10.198,643
10.2,643
10.202,643
10.204,643
10.206,643
10.208,643
10.21,643
10.212,643
10.214,643
10.216,643
10.218,643
10.22,643
10.222,643
10.224,643
10.226,643
10.228,643
10.23,643
10.232,643
10.234,643
10.236,643
10.238,643
10.24,643
10.242,643
10.244,643
10.246,643
10.248,643
10.25,643
10.252,643
10.254,643
10.256,643
10.258,643
10.26,643
10.262,643
10.264,643
10.266,643
10.268,643
10.27,643
10.272,643
10.274,643
10.276,643
10.278,643
10.28,643
10.282,643
10.284,643
10.286,643
10.288,643
10.29,643
10.292,643
10.294,643
10.296,643
10.298,643
10.3,643
10.302,643
10.304,643
10.306,643
10.308,643
10.31,643
10.312,643
10.314,643
10.316,643
10.318,643
10.32,643
10.322,643
10.324,643
10.326,643
10.328,643
10.33,643
10.332,643
10.334,643
10.336,643
10.338,643
10.34,643
10.342,643
10.344,643
10.346,643
10.348,643
10.35,643
10.352,643
10.354,643
10.356,643
10.358,643
10.36,643
10.362,643
10.364,643
10.366,643
10.368,643
10.37,643
10.372,643
10.374,643
10.376,643
10.378,643
10.38,643
10.382,643
10.384,643
10.386,643
10.388,643
10.39,643
10.392,643
10.394,643
10.396,643
10.398,643
10.4,643
10.402,643
10.404,643
10.406,643
10.408,643
10.41,643
10.412,643
10.414,643
10.416,643
10.418,643
10.42,643
10.422,643
10.424,643
10.426,643
10.428,643
10.43,643
10.432,643
10.434,643
10.436,643
10.438,643
10.44,643
10.442,643
10.444,643
10.446,643
10.448,643
10.45,643
10.452,643
10.454,643
10.456,643
10.458,643
10.46,643
10.462,643
10.464,643
10.466,643
10.468,643
10.47,643
10.472,643
10.474,643
10.476,643
10.478,643
10.48,643
10.482,643
10.484,643
10.486,643
10.488,643
10.49,643
10.492,643
10.494,643
10.496,643
10.498,643
10.5,643
10.502,643
10.504,643
10.506,643
10.508,643
10.51,643
10.512,643
10.514,643
10.516,643
10.518,643
10.52,643
10.522,643
10.524,643
10.526,643
10.528,643
10.53,643
10.532,643
10.534,643
10.536,643
10.538,643
10.54,643
10.542,643
10.544,643
10.546,643
10.548,643
10.55,643
10.552,643
10.554,643
10.556,643
10.558,643
10.56,643
10.562,643
10.564,643
10.566,643
10.568,643
10.57,643
10.572,643
10.574,643
10.576,643
10.578,643
10.58,643
10.582,643
10.584,643
10.586,643
10.588,643
10.59,643
10.592,643
10.594,643
10.596,643
10.598,643
10.6,643
10.602,643
10.604,643
10.606,643
10.608,643
10.61,643
10.612,643
10.614,643
10.616,643
10.618,643
10.62,643
10.622,643
10.624,643
10.626,643
10.628,643
10.63,643
10.632,643
10.634,643
10.636,643
10.638,643
10.64,643
10.642,643
10.644,643
10.646,643
10.648,643
10.65,643
10.652,643
10.654,643
10.656,643
10.658,643
10.66,643
10.662,643
10.664,643
10.666,643
10.668,643
10.67,643
10.672,643
10.674,643
10.676,643
10.678,643
10.68,643
10.682,643
10.684,643
10.686,643
10.688,643
10.69,643
10.692,643
10.694,643
10.696,643
10.698,643
10.7,643
10.702,643
10.704,643
10.706,643
10.708,643
10.71,643
10.712,643
10.714,643
10.716,643
10.718,643
10.72,643
10.722,643
10.724,643
10.726,643
10.728,643
10.73,643
10.732,643
10.734,643
10.736,643
10.738,643
10.74,643
10.742,643
10.744,643
10.746,643
10.748,643
10.75,643
10.752,643
10.754,643
10.756,643
10.758,643
10.76,643
10.762,643
10.764,643
10.766,643
10.768,643
10.77,643
10.772,643
10.774,643
10.776,643
10.778,643
10.78,643
10.782,643
10.784,643
10.786,643
10.788,643
10.79,643
10.792,643
10.794,643
10.796,643
10.798,643
10.8,643
10.802,643
10.804,643
10.806,643
10.808,643
10.81,643
10.812,643
10.814,643
10.816,643
10.818,643
10.82,643
10.822,643
10.824,643
10.826,643
10.828,643
10.83,643
10.832,643
10.834,643
10.836,643
10.838,643
10.84,643
10.842,643
10.844,643
10.846,643
10.848,643
10.85,643
10.852,643
10.854,643
10.856,643
10.858,643
10.86,643
10.862,643
10.864,643
10.866,643
10.868,643
10.87,643
10.872,643
10.874,643
10.876,643
10.878,643
10.88,643
10.882,643
10.884,643
10.886,643
10.888,643
10.89,643
10.892,643
10.894,643
10.896,643
10.898,643
10.9,643
10.902,643
10.904,643
10.906,643
10.908,643
10.91,643
10.912,643
10.914,643
10.916,643
10.918,643
10.92,643
10.922,643
10.924,643
10.926,643
10.928,643
10.93,643
10.932,643
10.934,643
10.936,643
10.938,643
10.94,643
10.942,643
10.944,643
10.946,643
10.948,643
10.95,643
10.952,643
10.954,643
10.956,643
10.958,643
10.96,643
10.962,643
10.964,643
10.966,643
10.968,643
10.97,643
10.972,643
10.974,643
10.976,643
10.978,643
10.98,643
10.982,643
10.984,643
10.986,643
10.988,643
10.99,643
10.992,643
10.994,643
10.996,643
10.998,643
11.0,643
11.002,643
11.004,643
11.006,643
11.008,643
11.01,643
11.012,643
11.014,643
11.016,643
11.018,643
11.02,643
11.022,643
11.024,643
11.026,643
11.028,643
11.03,643
11.032,643
11.034,643
11.036,643
11.038,643
11.04,643
11.042,643
11.044,643
11.046,643
11.048,643
11.05,643
11.052,643
11.054,643
11.056,643
11.058,643
11.06,643
11.062,643
11.064,643
11.066,643
11.068,643
11.07,643
11.072,643
11.074,643
11.076,643
11.078,643
11.08,643
11.082,643
11.084,643
11.086,643
11.088,643
11.09,643
11.092,643
11.094,643
11.096,643
11.098,643
11.1,643
11.102,643
11.104,643
11.106,643
11.108,643
11.11,643
11.112,643
11.114,643
11.116,643
11.118,643
11.12,643
11.122,643
11.124,643
11.126,643
11.128,643
11.13,643
11.132,643
11.134,643
11.136,643
11.138,643
11.14,643
11.142,643
11.144,643
11.146,643
11.148,643
11.15,643
11.152,643
11.154,643
11.156,643
11.158,643
11.16,643
11.162,643
11.164,643
11.166,643
11.168,643
11.17,643
11.172,643
11.174,643
11.176,643
11.178,643
11.18,643
11.182,643
11.184,643
11.186,643
11.188,643
11.19,643
11.192,643
11.194,643
11.196,643
11.198,643
11.2,643
11.202,643
11.204,643
11.206,643
11.208,643
11.21,643
11.212,643
11.214,643
11.216,643
11.218,643
11.22,643
11.222,643
11.224,643
11.226,643
11.228,643
11.23,643
11.232,643
11.234,643
11.236,643
11.238,643
11.24,643
11.242,643
11.244,643
11.246,643
11.248,643
11.25,643
11.252,643
11.254,643
11.256,643
11.258,643
11.26,643
11.262,643
11.264,643
11.266,643
11.268,643
11.27,643
11.272,643
11.274,643
11.276,643
11.278,643
11.28,643
11.282,643
11.284,643
11.286,643
11.288,643
11.29,643
11.292,643
11.294,643
11.296,643
11.298,643
11.3,643
11.302,643
11.304,643
11.306,643
11.308,643
11.31,643
11.312,643
11.314,643
11.316,643
11.318,643
11.32,643
11.322,643
11.324,643
11.326,643
11.328,643
11.33,643
11.332,643
11.334,643
11.336,643
11.338,643
11.34,643
11.342,643
11.344,643
11.346,643
11.348,643
11.35,643
11.352,643
11.354,643
11.356,643
11.358,643
11.36,643
11.362,643
11.364,643
11.366,643
11.368,643
11.37,643
11.372,643
11.374,643
11.376,643
11.378,643
11.38,643
11.382,643
11.384,643
11.386,643
11.388,643
11.39,643
11.392,643
11.394,643
11.396,643
11.398,643
11.4,643
11.402,643
11.404,643
11.406,643
11.408,643
11.41,643
11.412,643
11.414,643
11.416,643
11.418,643
11.42,643
11.422,643
11.424,643
11.426,643
11.428,643
11.43,643
11.432,643
11.434,643
11.436,643
11.438,643
11.44,643
11.442,643
11.444,643
11.446,643
11.448,643
11.45,643
11.452,643
11.454,643
11.456,643
11.458,643
11.46,643
11.462,643
11.464,643
11.466,643
11.468,643
11.47,643
11.472,643
11.474,643
11.476,643
11.478,643
11.48,643
11.482,643
11.484,643
11.486,643
11.488,643
11.49,643
11.492,643
11.494,643
11.496,643
11.498,643
11.5,643
11.502,643
11.504,643
11.506,643
11.508,643
11.51,643
11.512,643
11.514,643
11.516,643
11.518,643
11.52,643
11.522,643
11.524,643
11.526,643
11.528,643
11.53,643
11.532,643
11.534,643
11.536,643
11.538,643
11.54,643
11.542,643
11.544,643
11.546,643
11.548,643
11.55,643
11.552,643
11.554,643
11.556,643
11.558,643
11.56,643
11.562,643
11.564,643
11.566,643
11.568,643
11.57,643
11.572,643
11.574,643
11.576,643
11.578,643
11.58,643
11.582,643
11.584,643
11.586,643
11.588,643
11.59,643
11.592,643
11.594,643
11.596,643
11.598,643
11.6,643
11.602,643
11.604,643
11.606,643
11.608,643
11.61,643
11.612,643
11.614,643
11.616,643
11.618,643
11.62,643
11.622,643
11.624,643
11.626,643
11.628,643
11.63,643
11.632,643
11.634,643
11.636,643
11.638,643
11.64,643
11.642,643
11.644,643
11.646,643
11.648,643
11.65,643
11.652,643
11.654,643
11.656,643
11.658,643
11.66,643
11.662,643
11.664,643
11.666,643
11.668,643
11.67,643
11.672,643
11.674,643
11.676,643
11.678,643
11.68,643
11.682,643
11.684,643
11.686,643
11.688,643
11.69,643
11.692,643
11.694,643
11.696,643
11.698,643
11.7,643
11.702,643
11.704,643
11.706,643
11.708,643
11.71,643
11.712,643
11.714,643
11.716,643
11.718,643
11.72,643
11.722,643
11.724,643
11.726,643
11.728,643
11.73,643
11.732,643
11.734,643
11.736,643
11.738,643
11.74,643
11.742,643
11.744,643
11.746,643
11.748,643
11.75,643
11.752,643
11.754,643
11.756,643
11.758,643
11.76,643
11.762,643
11.764,643
11.766,643
11.768,643
11.77,643
11.772,643
11.774,643
11.776,643
11.778,643
11.78,643
11.782,643
11.784,643
11.786,643
11.788,643
11.79,643
11.792,643
11.794,643
11.796,643
11.798,643
11.8,643
11.802,643
11.804,643
11.806,643
11.808,643
11.81,643
11.812,643
11.814,643
11.816,643
11.818,643
11.82,643
11.822,643
11.824,643
11.826,643
11.828,643
11.83,643
11.832,643
11.834,643
11.836,643
11.838,643
11.84,643
11.842,643
11.844,643
11.846,643
11.848,643
11.85,643
11.852,643
11.854,643
11.856,643
11.858,643
11.86,643
11.862,643
11.864,643
11.866,643
11.868,643
11.87,643
11.872,643
11.874,643
11.876,643
11.878,643
11.88,643
11.882,643
11.884,643
11.886,643
11.888,643
11.89,643
11.892,643
11.894,643
11.896,643
11.898,643
11.9,643
11.902,643
11.904,643
11.906,643
11.908,643
11.91,643
11.912,643
11.914,643
11.916,643
11.918,643
11.92,643
11.922,643
11.924,643
11.926,643
11.928,643
11.93,643
11.932,643
11.934,643
11.936,643
11.938,643
11.94,643
11.942,643
11.944,643
11.946,643
11.948,643
11.95,643
11.952,643
11.954,643
11.956,643
11.958,643
11.96,643
11.962,643
11.964,643
11.966,643
11.968,643
11.97,643
11.972,643
11.974,643
11.976,643
11.978,643
11.98,643
11.982,643
11.984,643
11.986,643
11.988,643
11.99,643
11.992,643
11.994,643
11.996,643
11.998,643
12.0,643
12.002,643
12.004,643
12.006,643
12.008,643
12.01,643
12.012,643
12.014,643
12.016,643
12.018,622
12.02,622
12.022,622
12.024,622
12.026,622
12.028,622
12.03,622
12.032,622
12.034,622
12.036,622
12.038,622
12.04,622
12.042,622
12.044,622
12.046,622
12.048,622
12.05,622
12.052,622
12.054,622
12.056,622
12.058,622
12.06,622
12.062,622
12.064,622
12.066,622
12.068,622
12.07,622
12.072,622
12.074,622
12.076,622
12.078,622
12.08,622
12.082,622
12.084,622
12.086,622
12.088,622
12.09,622
12.092,622
12.094,622
12.096,622
12.098,622
12.1,622
12.102,622
12.104,622
12.106,622
12.108,622
12.11,622
12.112,622
12.114,622
12.116,622
12.118,582
12.12,544
12.122,504
12.124,468
12.126,450
12.128,414
12.13,379
12.132,379
12.134,345
12.136,312
12.138,296
12.14,265
12.142,235
12.144,235
12.146,206
12.148,179
12.15,153
12.152,128
12.154,105
12.156,93
12.158,83
12.16,63
12.162,45
12.164,30
12.166,16
12.168,8
12.17,2
12.172,0
12.174,0
12.176,0
12.178,0
12.18,0
12.182,0
12.184,0
12.186,0
12.188,0
12.19,0
12.192,0
12.194,0
12.196,0
12.198,0
12.2,0
12.202,0
12.204,0
12.206,0
12.208,0
12.21,0
12.212,0
12.214,0
12.216,0
12.218,0
12.22,0
12.222,0
12.224,0
12.226,0
12.228,0
12.23,0
12.232,0
12.234,0
12.236,0
12.238,0
12.24,0
12.242,0
12.244,0
12.246,0
12.248,0
12.25,0
12.252,0
12.254,0
12.256,0
12.258,0
12.26,0
12.262,0
12.264,0
12.266,0
12.268,0
12.27,0
12.272,0
12.274,0
12.276,0
12.278,0
12.28,0
12.282,0
12.284,0
12.286,0
12.288,0
12.29,0
12.292,0
12.294,0
12.296,0
12.298,0
12.3,0
12.302,0
12.304,0
12.306,0
12.308,0
12.31,0
12.312,0
12.314,0
12.316,0
12.318,0
12.32,0
12.322,0
12.324,0
12.326,0
12.328,0
12.33,0
12.332,0
12.334,0
12.336,0
12.338,0
12.34,0
12.342,0
12.344,0
12.346,0
12.348,0
12.35,0
12.352,0
12.354,0
12.356,0
12.358,0
12.36,0
12.362,0
12.364,0
12.366,0
12.368,0
12.37,0
12.372,0
12.374,0
12.376,0
12.378,0
12.38,0
12.382,0
12.384,0
12.386,0
12.388,0
12.39,0
12.392,0
12.394,0
12.396,0
12.398,0
12.4,0
12.402,0
12.404,0
12.406,0
12.408,0
12.41,0
12.412,0
12.414,0
12.416,0
12.418,0
12.42,0
12.422,0
12.424,0
12.426,0
12.428,0
12.43,0
12.432,0
12.434,0
12.436,0
12.438,0
12.44,0
12.442,0
12.444,0
12.446,0
12.448,0
12.45,0
12.452,0
12.454,0
12.456,0
12.458,0
12.46,0
12.462,0
12.464,0
12.466,0
12.468,0
12.47,0
12.472,0
12.474,0
12.476,0
12.478,0
12.48,0
12.482,0
12.484,0
12.486,0
12.488,0
12.49,0
12.492,0
12.494,0
12.496,0
12.498,0
12.5,0
12.502,0
12.504,0
12.506,0
12.508,0
12.51,0
12.512,0
12.514,0
12.516,0
12.518,0
12.52,0
12.522,0
12.524,0
12.526,0
12.528,0
12.53,0
12.532,0
12.534,0
12.536,0
12.538,0
12.54,0
12.542,0
12.544,0
12.546,0
12.548,0
12.55,0
12.552,0
12.554,0
12.556,0
12.558,0
12.56,0
12.562,0
12.564,0
12.566,0
12.568,0
12.57,0
12.572,0
12.574,0
12.576,0
12.578,0
12.58,0
12.582,0
12.584,0
12.586,0
12.588,0
12.59,0
12.592,0
12.594,0
12.596,0
12.598,0
12.6,0
12.602,0
12.604,0
12.606,0
12.608,0
12.61,0
12.612,0
12.614,0
12.616,0
12.618,0
12.62,0
12.622,0
12.624,0
12.626,0
12.628,0
12.63,0
12.632,0
12.634,0
12.636,0
12.638,0
12.64,0
12.642,0
12.644,0
12.646,0
12.648,0
12.65,0
12.652,0
12.654,0
12.656,0
12.658,0
12.66,0
12.662,0
12.664,0
12.666,0
12.668,0
12.67,0
12.672,0
12.674,0
12.676,0
12.678,0
12.68,0
12.682,0
12.684,0
12.686,0
12.688,0
12.69,0
12.692,0
12.694,0
12.696,0
12.698,0
12.7,0
12.702,0
12.704,0
12.706,0
12.708,0
12.71,0
12.712,0
12.714,0
12.716,0
12.718,0
12.72,0
12.722,0
12.724,0
12.726,0
12.728,0
12.73,0
12.732,0
12.734,0
12.736,0
12.738,0
12.74,0
12.742,0
12.744,0
12.746,0
12.748,0
12.75,0
12.752,0
12.754,0
12.756,0
12.758,0
12.76,0
12.762,0
12.764,0
12.766,0
12.768,0
12.77,0
12.772,0
12.774,0
12.776,0
12.778,0
12.78,0
12.782,0
12.784,0
12.786,0
12.788,0
12.79,0
12.792,0
12.794,0
12.796,0
12.798,0
12.8,0
12.802,0
12.804,0
12.806,0
12.808,0
12.81,0
12.812,0
12.814,0
12.816,0
12.818,0
12.82,0
12.822,0
12.824,0
12.826,0
12.828,0
12.83,0
12.832,0
12.834,0
12.836,0
12.838,0
12.84,0
12.842,0
12.844,0
12.846,0
12.848,0
12.85,0
12.852,0
12.854,0
12.856,0
12.858,0
12.86,0
12.862,0
12.864,0
12.866,0
12.868,0
12.87,0
12.872,0
12.874,0
12.876,0
12.878,0
12.88,0
12.882,0
12.884,0
12.886,0
12.888,0
12.89,0
12.892,0
12.894,0
12.896,0
12.898,0
12.9,0
12.902,0
12.904,0
12.906,0
12.908,0
12.91,0
12.912,0
12.914,0
12.916,0
12.918,0
12.92,0
12.922,0
12.924,0
12.926,0
12.928,0
12.93,0
12.932,0
12.934,0
12.936,0
12.938,0
12.94,0
12.942,0
12.944,0
12.946,0
12.948,0
12.95,0
12.952,0
12.954,0
12.956,0
12.958,0
12.96,0
12.962,0
12.964,0
12.966,0
12.968,0
12.97,0
12.972,0
12.974,0
12.976,0
12.978,0
12.98,0
12.982,0
12.984,0
12.986,0
12.988,0
12.99,0
12.992,0
12.994,0
12.996,0
12.998,0
13.0,0
13.002,0
13.004,0
13.006,0
13.008,0
13.01,0
13.012,0
13.014,0
13.016,0
13.018,0
13.02,0
13.022,0
13.024,0
13.026,0
13.028,0
13.03,0
13.032,0
13.034,0
13.036,0
13.038,0
13.04,0
13.042,0
13.044,0
13.046,0
13.048,0
13.05,0
13.052,0
13.054,0
13.056,0
13.058,0
13.06,0
13.062,0
13.064,0
13.066,0
13.068,0
13.07,0
13.072,0
13.074,0
13.076,0
13.078,0
13.08,0
13.082,0
13.084,0
13.086,0
13.088,0
13.09,0
13.092,0
13.094,0
13.096,0
13.098,0
13.1,0
13.102,0
13.104,0
13.106,0
13.108,0
13.11,0
13.112,0
13.114,0
13.116,0
13.118,0
13.12,0
13.122,0
13.124,0
13.126,0
13.128,0
13.13,0
13.132,0
13.134,0
13.136,0
13.138,0
13.14,0
13.142,0
13.144,0
13.146,0
13.148,0
13.15,0
13.152,0
13.154,0
13.156,0
13.158,0
13.16,0
13.162,0
13.164,0
13.166,0
13.168,0
13.17,0
13.172,0
13.174,0
13.176,0
13.178,0
13.18,0
13.182,0
13.184,0
13.186,0
13.188,0
13.19,0
13.192,0
13.194,0
13.196,0
13.198,0
13.2,0
13.202,0
13.204,0
13.206,0
13.208,0
13.21,0
13.212,0
13.214,0
13.216,0
13.218,0
13.22,0
13.222,0
13.224,0
13.226,0
13.228,0
13.23,0
13.232,0
13.234,0
13.236,0
13.238,0
13.24,0
13.242,0
13.244,0
13.246,0
13.248,0
13.25,0
13.252,0
13.254,0
13.256,0
13.258,0
13.26,0
13.262,0
13.264,0
13.266,0
13.268,0
13.27,0
13.272,0
13.274,0
13.276,0
13.278,0
13.28,0
13.282,0
13.284,0
13.286,0
13.288,0
13.29,0
13.292,0
13.294,0
13.296,0
13.298,0
13.3,0
13.302,0
13.304,0
13.306,0
13.308,0
13.31,0
13.312,0
13.314,0
13.316,0
13.318,0
13.32,0
13.322,0
13.324,0
13.326,0
13.328,0
13.33,0
13.332,0
13.334,0
13.336,0
13.338,0
13.34,0
13.342,0
13.344,0
13.346,0
13.348,0
13.35,0
13.352,0
13.354,0
13.356,0
13.358,0
13.36,0
13.362,0
13.364,0
13.366,0
13.368,0
13.37,0
13.372,0
13.374,0
13.376,0
13.378,0
13.38,0
13.382,0
13.384,0
13.386,0
13.388,0
13.39,0
13.392,0
13.394,0
13.396,0
13.398,0
13.4,0
13.402,0
13.404,0
13.406,0
13.408,0
13.41,0
13.412,0
13.414,0
13.416,0
13.418,0
13.42,0
13.422,0
13.424,0
13.426,0
13.428,0
13.43,0
13.432,0
13.434,0
13.436,0
13.438,0
13.44,0
13.442,0
13.444,0
13.446,0
13.448,0
13.45,0
13.452,0
13.454,0
13.456,0
13.458,0
13.46,0
13.462,0
13.464,0
13.466,0
13.468,0
13.47,0
13.472,0
13.474,0
13.476,0
13.478,0
13.48,0
13.482,0
13.484,0
13.486,0
13.488,0
13.49,0
13.492,0
13.494,0
13.496,0
13.498,0
13.5,0
13.502,0
13.504,0
13.506,0
13.508,0
13.51,0
13.512,0
13.514,0
13.516,0
13.518,0
13.52,0
13.522,0
13.524,0
13.526,0
13.528,0
13.53,0
13.532,0
13.534,0
13.536,0
13.538,0
13.54,0
13.542,0
13.544,0
13.546,0
13.548,0
13.55,0
13.552,0
13.554,0
13.556,0
13.558,0
13.56,0
13.562,0
13.564,0
13.566,0
13.568,0
13.57,0
13.572,0
13.574,0
13.576,0
13.578,0
13.58,0
13.582,0
13.584,0
13.586,0
13.588,0
13.59,0
13.592,0
13.594,0
13.596,0
13.598,0
13.6,0
13.602,0
13.604,0
13.606,0
13.608,0
13.61,0
13.612,0
13.614,0
13.616,0
13.618,0
13.62,0
13.622,0
13.624,0
13.626,0
13.628,0
13.63,0
13.632,0
13.634,0
13.636,0
13.638,0
13.64,0
13.642,0
13.644,0
13.646,0
13.648,0
13.65,0
13.652,0
13.654,0
13.656,0
13.658,0
13.66,0
13.662,0
13.664,0
13.666,0
13.668,0
13.67,0
13.672,0
13.674,0
13.676,0
13.678,0
13.68,0
13.682,0
13.684,0
13.686,0
13.688,0
13.69,0
13.692,0
13.694,0
13.696,0
13.698,0
13.7,0
13.702,0
13.704,0
13.706,0
13.708,0
13.71,0
13.712,0
13.714,0
13.716,0
13.718,0
13.72,0
13.722,0
13.724,0
13.726,0
13.728,0
13.73,0
13.732,0
13.734,0
13.736,0
13.738,0
13.74,0
13.742,0
13.744,0
13.746,0
13.748,0
13.75,0
13.752,0
13.754,0
13.756,0
13.758,0
13.76,0
13.762,0
13.764,0
13.766,0
13.768,0
13.77,0
13.772,0
13.774,0
13.776,0
13.778,0
13.78,0
13.782,0
13.784,0
13.786,0
13.788,0
13.79,0
13.792,0
13.794,0
13.796,0
13.798,0
13.8,0
13.802,0
13.804,0
13.806,0
13.808,0
13.81,0
13.812,0
13.814,0
13.816,0
13.818,0
13.82,0
13.822,0
13.824,0
13.826,0
13.828,0
13.83,0
13.832,0
13.834,0
13.836,0
13.838,0
13.84,0
13.842,0
13.844,0
13.846,0
13.848,0
13.85,0
13.852,0
13.854,0
13.856,0
13.858,0
13.86,0
13.862,0
13.864,0
13.866,0
13.868,0
13.87,0
13.872,0
13.874,0
13.876,0
13.878,0
13.88,0
13.882,0
13.884,0
13.886,0
13.888,0
13.89,0
13.892,0
13.894,0
13.896,0
13.898,0
13.9,0
13.902,0
13.904,0
13.906,0
13.908,0
13.91,0
13.912,0
13.914,0
13.916,0
13.918,0
13.92,0
13.922,0
13.924,0
13.926,0
13.928,0
13.93,0
13.932,0
13.934,0
13.936,0
13.938,0
13.94,0
13.942,0
13.944,0
13.946,0
13.948,0
13.95,0
13.952,0
13.954,0
13.956,0
13.958,0
13.96,0
13.962,0
13.964,0
13.966,0
13.968,0
13.97,0
13.972,0
13.974,0
13.976,0
13.978,0
13.98,0
13.982,0
13.984,0
13.986,0
13.988,0
13.99,0
13.992,0
13.994,0
13.996,0
13.998,0
14.0,0
14.002,0
14.004,0
14.006,0
14.008,0
14.01,0
14.012,0
14.014,0
14.016,0
14.018,0
14.02,0
14.022,0
14.024,0
14.026,0
14.028,0
14.03,0
14.032,0
14.034,0
14.036,0
14.038,0
14.04,0
14.042,0
14.044,0
14.046,0
14.048,0
14.05,0
14.052,0
14.054,0
14.056,0
14.058,0
14.06,0
14.062,0
14.064,0
14.066,0
14.068,0
14.07,0
14.072,0
14.074,0
14.076,0
14.078,0
14.08,0
14.082,0
14.084,0
14.086,0
14.088,0
14.09,0
14.092,0
14.094,0
14.096,0
14.098,0
14.1,0
14.102,0
14.104,0
14.106,0
14.108,0
14.11,0
14.112,0
14.114,0
14.116,0
14.118,0
14.12,0
14.122,0
14.124,0
14.126,0
14.128,0
14.13,0
14.132,0
14.134,0
14.136,0
14.138,0
14.14,0
14.142,0
14.144,0
14.146,0
14.148,0
14.15,0
14.152,0
14.154,0
14.156,0
14.158,0
14.16,0
14.162,0
14.164,0
14.166,0
14.168,0
14.17,0
14.172,0
14.174,0
14.176,0
14.178,0
14.18,0
14.182,0
14.184,0
14.186,0
14.188,0
14.19,0
14.192,0
14.194,0
14.196,0
14.198,0
14.2,0
14.202,0
14.204,0
14.206,0
14.208,0
14.21,0
14.212,0
14.214,0
14.216,0
14.218,0
14.22,0
14.222,0
14.224,0
14.226,0
14.228,0
14.23,0
14.232,0
14.234,0
14.236,0
14.238,0
14.24,0
14.242,0
14.244,0
14.246,0
14.248,0
14.25,0
14.252,0
14.254,0
14.256,0
14.258,0
14.26,0
14.262,0
14.264,0
14.266,0
14.268,0
14.27,0
14.272,0
14.274,0
14.276,0
14.278,0
14.28,0
14.282,0
14.284,0
14.286,0
14.288,0
14.29,0
14.292,0
14.294,0
14.296,0
14.298,0
14.3,0
14.302,0
14.304,0
14.306,0
14.308,0
14.31,0
14.312,0
14.314,0
14.316,0
14.318,0
14.32,0
14.322,0
14.324,0
14.326,0
14.328,0
14.33,0
14.332,0
14.334,0
14.336,0
14.338,0
14.34,0
14.342,0
14.344,0
14.346,0
14.348,0
14.35,0
14.352,0
14.354,0
14.356,0
14.358,0
14.36,0
14.362,0
14.364,0
14.366,0
14.368,0
14.37,0
14.372,0
14.374,0
14.376,0
14.378,0
14.38,0
14.382,0
14.384,0
14.386,0
14.388,0
14.39,0
14.392,0
14.394,0
14.396,0
14.398,0
14.4,0
14.402,0
14.404,0
14.406,0
14.408,0
14.41,0
14.412,0
14.414,0
14.416,0
14.418,0
14.42,0
14.422,0
14.424,0
14.426,0
14.428,0
14.43,0
14.432,0
14.434,0
14.436,0
14.438,0
14.44,0
14.442,0
14.444,0
14.446,0
14.448,0
14.45,0
14.452,0
14.454,0
14.456,0
14.458,0
14.46,0
14.462,0
14.464,0
14.466,0
14.468,0
14.47,0
14.472,0
14.474,0
14.476,0
14.478,0
14.48,0
14.482,0
14.484,0
14.486,0
14.488,0
14.49,0
14.492,0
14.494,0
14.496,0
14.498,0
14.5,0
14.502,0
14.504,0
14.506,0
14.508,0
14.51,0
14.512,0
14.514,0
14.516,0
14.518,0
14.52,0
14.522,0
14.524,0
14.526,0
14.528,0
14.53,0
14.532,0
14.534,0
14.536,0
14.538,0
14.54,0
14.542,0
14.544,0
14.546,0
14.548,0
14.55,0
14.552,0
14.554,0
14.556,0
14.558,0
14.56,0
14.562,0
14.564,0
14.566,0
14.568,0
14.57,0
14.572,0
14.574,0
14.576,0
14.578,0
14.58,0
14.582,0
14.584,0
14.586,0
14.588,0
14.59,0
14.592,0
14.594,0
14.596,0
14.598,0
14.6,0
14.602,0
14.604,0
14.606,0
14.608,0
14.61,0
14.612,0
14.614,0
14.616,0
14.618,0
14.62,0
14.622,0
14.624,0
14.626,0
14.628,0
14.63,0
14.632,0
14.634,0
14.636,0
14.638,0
14.64,0
14.642,0
14.644,0
14.646,0
14.648,0
14.65,0
14.652,0
14.654,0
14.656,0
14.658,0
14.66,0
14.662,0
14.664,0
14.666,0
14.668,0
14.67,0
14.672,0
14.674,0
14.676,0
14.678,0
14.68,0
14.682,0
14.684,0
14.686,0
14.688,0
14.69,0
14.692,0
14.694,0
14.696,0
14.698,0
14.7,0
14.702,0
14.704,0
14.706,0
14.708,0
14.71,0
14.712,0
14.714,0
14.716,0
14.718,0
14.72,0
14.722,0
14.724,0
14.726,0
14.728,0
14.73,0
14.732,0
14.734,0
14.736,0
14.738,0
14.74,0
14.742,0
14.744,0
14.746,0
14.748,0
14.75,0
14.752,0
14.754,0
14.756,0
14.758,0
14.76,0
14.762,0
14.764,0
14.766,0
14.768,0
14.77,0
14.772,0
14.774,0
14.776,0
14.778,0
14.78,0
14.782,0
14.784,0
14.786,0
14.788,0
14.79,0
14.792,0
14.794,0
14.796,0
14.798,0
14.8,0
14.802,0
14.804,0
14.806,0
14.808,0
14.81,0
14.812,0
14.814,0
14.816,0
14.818,0
14.82,0
14.822,0
14.824,0
14.826,0
14.828,0
14.83,0
14.832,0
14.834,0
14.836,0
14.838,0
14.84,0
14.842,0
14.844,0
14.846,0
14.848,0
14.85,0
14.852,0
14.854,0
14.856,0
14.858,0
14.86,0
14.862,0
14.864,0
14.866,0
14.868,0
14.87,0
14.872,0
14.874,0
14.876,0
14.878,0
14.88,0
14.882,0
14.884,0
14.886,0
14.888,0
14.89,0
14.892,0
14.894,0
14.896,0
14.898,0
14.9,0
14.902,0
14.904,0
14.906,0
14.908,0
14.91,0
14.912,0
14.914,0
14.916,0
14.918,0
14.92,0
14.922,0
14.924,0
14.926,0
14.928,0
14.93,0
14.932,0
14.934,0
14.936,0
14.938,0
14.94,0
14.942,0
14.944,0
14.946,0
14.948,0
14.95,0
14.952,0
14.954,0
14.956,0
14.958,0
14.96,0
14.962,0
14.964,0
14.966,0
14.968,0
14.97,0
14.972,0
14.974,0
14.976,0
14.978,0
14.98,0
14.982,0
14.984,0
14.986,0
14.988,0
14.99,0
14.992,0
14.994,0
14.996,0
14.998,0
15.0,0
15.002,0
15.004,0
15.006,0
15.008,0
15.01,0
15.012,0
15.014,0
15.016,0
15.018,0
15.02,0
15.022,0
15.024,0
15.026,0
15.028,0
15.03,0
15.032,0
15.034,0
15.036,0
15.038,0
15.04,0
15.042,0
15.044,0
15.046,0
15.048,0
15.05,0
15.052,0
15.054,0
15.056,0
15.058,0
15.06,0
15.062,0
15.064,0
15.066,0
15.068,0
15.07,0
15.072,0
15.074,0
15.076,0
15.078,0
15.08,0
15.082,0
15.084,0
15.086,0
15.088,0
15.09,0
15.092,0
15.094,0
15.096,0
15.098,0
15.1,0
15.102,0
15.104,0
15.106,0
15.108,0
15.11,0
15.112,0
15.114,0
15.116,0
15.118,0
15.12,0
15.122,0
15.124,0
15.126,0
15.128,0
15.13,0
15.132,0
15.134,0
15.136,0
15.138,0
15.14,0
15.142,0
15.144,0
15.146,0
15.148,0
15.15,0
15.152,0
15.154,0
15.156,0
15.158,0
15.16,0
15.162,0
15.164,0
15.166,0
15.168,0
15.17,0
15.172,0
15.174,0
15.176,0
15.178,0
15.18,0
15.182,0
15.184,0
15.186,0
15.188,0
15.19,0
15.192,0
15.194,0
15.196,0
15.198,0
15.2,0
15.202,0
15.204,0
15.206,0
15.208,0
15.21,0
15.212,0
15.214,0
15.216,0
15.218,0
15.22,0
15.222,0
15.224,0
15.226,0
15.228,0
15.23,0
15.232,0
15.234,0
15.236,0
15.238,0
15.24,0
15.242,0
15.244,0
15.246,0
15.248,0
15.25,0
15.252,0
15.254,0
15.256,0
15.258,0
15.26,0
15.262,0
15.264,0
15.266,0
15.268,0
15.27,0
15.272,0
15.274,0
15.276,0
15.278,0
15.28,0
15.282,0
15.284,0
15.286,0
15.288,0
15.29,0
15.292,0
15.294,0
15.296,0
15.298,0
15.3,0
15.302,0
15.304,0
15.306,0
15.308,0
15.31,0
15.312,0
15.314,0
15.316,0
15.318,0
15.32,0
15.322,0
15.324,0
15.326,0
15.328,0
15.33,0
15.332,0
15.334,0
15.336,0
15.338,0
15.34,0
15.342,0
15.344,0
15.346,0
15.348,0
15.35,0
15.352,0
15.354,0
15.356,0
15.358,0
15.36,0
15.362,0
15.364,0
15.366,0
15.368,0
15.37,0
15.372,0
15.374,0
15.376,0
15.378,0
15.38,0
15.382,0
15.384,0
15.386,0
15.388,0
15.39,0
15.392,0
15.394,0
15.396,0
15.398,0
15.4,0
15.402,0
15.404,0
15.406,0
15.408,0
15.41,0
15.412,0
15.414,0
15.416,0
15.418,0
15.42,0
15.422,0
15.424,0
15.426,0
15.428,0
15.43,0
15.432,0
15.434,0
15.436,0
15.438,0
15.44,0
15.442,0
15.444,0
15.446,0
15.448,0
15.45,0
15.452,0
15.454,0
15.456,0
15.458,0
15.46,0
15.462,0
15.464,0
15.466,0
15.468,0
15.47,0
15.472,0
15.474,0
15.476,0
15.478,0
15.48,0
15.482,0
15.484,0
15.486,0
15.488,0
15.49,0
15.492,0
15.494,0
15.496,0
15.498,0
15.5,0
15.502,0
15.504,0
15.506,0
15.508,0
15.51,0
15.512,0
15.514,0
15.516,0
15.518,0
15.52,0
15.522,0
15.524,0
15.526,0
15.528,0
15.53,0
15.532,0
15.534,0
15.536,0
15.538,0
15.54,0
15.542,0
15.544,0
15.546,0
15.548,0
15.55,0
15.552,0
15.554,0
15.556,0
15.558,0
15.56,0
15.562,0
15.564,0
15.566,0
15.568,0
15.57,0
15.572,0
15.574,0
15.576,0
15.578,0
15.58,0
15.582,0
15.584,0
15.586,0
15.588,0
15.59,0
15.592,0
15.594,0
15.596,0
15.598,0
15.6,0
15.602,0
15.604,0
15.606,0
15.608,0
15.61,0
15.612,0
15.614,0
15.616,0
15.618,0
15.62,0
15.622,0
15.624,0
15.626,0
15.628,0
15.63,0
15.632,0
15.634,0
15.636,0
15.638,0
15.64,0
15.642,0
15.644,0
15.646,0
15.648,0
15.65,0
15.652,0
15.654,0
15.656,0
15.658,0
15.66,0
15.662,0
15.664,0
15.666,0
15.668,0
15.67,0
15.672,0
15.674,0
15.676,0
15.678,0
15.68,0
15.682,0
15.684,0
15.686,0
15.688,0
15.69,0
15.692,0
15.694,0
15.696,0
15.698,0
15.7,0
15.702,0
15.704,0
15.706,0
15.708,0
15.71,0
15.712,0
15.714,0
15.716,0
15.718,0
15.72,0
15.722,0
15.724,0
15.726,0
15.728,0
15.73,0
15.732,0
15.734,0
15.736,0
15.738,0
15.74,0
15.742,0
15.744,0
15.746,0
15.748,0
15.75,0
15.752,0
15.754,0
15.756,0
15.758,0
15.76,0
15.762,0
15.764,0
15.766,0
15.768,0
15.77,0
15.772,0
15.774,0
15.776,0
15.778,0
15.78,0
15.782,0
15.784,0
15.786,0
15.788,0
15.79,0
15.792,0
15.794,0
15.796,0
15.798,0
15.8,0
15.802,0
15.804,0
15.806,0
15.808,0
15.81,0
15.812,0
15.814,0
15.816,0
15.818,0
15.82,0
15.822,0
15.824,0
15.826,0
15.828,0
15.83,0
15.832,0
15.834,0
15.836,0
15.838,0
15.84,0
15.842,0
15.844,0
15.846,0
15.848,0
15.85,0
15.852,0
15.854,0
15.856,0
15.858,0
15.86,0
15.862,0
15.864,0
15.866,0
15.868,0
15.87,0
15.872,0
15.874,0
15.876,0
15.878,0
15.88,0
15.882,0
15.884,0
15.886,0
15.888,0
15.89,0
15.892,0
15.894,0
15.896,0
15.898,0
15.9,0
15.902,0
15.904,4
15.906,10
15.908,22
15.91,36
15.912,53
15.914,72
15.916,72
15.918,93
15.92,116
15.922,128
15.924,140
15.926,165
15.928,192
15.93,192
15.932,220
15.934,234
15.936,249
15.938,280
15.94,312
15.942,345
15.944,379
15.946,379
15.948,414
15.95,450
15.952,486
15.954,524
15.956,543
15.958,563
15.96,602
15.962,622
15.964,622
15.966,622
15.968,622
15.97,622
15.972,622
15.974,622
15.976,622
15.978,622
15.98,622
15.982,622
15.984,622
15.986,622
15.988,622
15.99,622
15.992,622
15.994,622
15.996,622
15.998,622
16.0,622
16.002,622
16.004,622
16.006,643
16.008,643
16.01,643
16.012,643
16.014,643
16.016,643
16.018,643
16.02,643
16.022,643
16.024,643
16.026,643
16.028,643
16.03,643
16.032,643
16.034,643
16.036,643
16.038,643
16.04,643
16.042,643
16.044,643
16.046,643
16.048,643
16.05,643
16.052,643
16.054,643
16.056,643
16.058,643
16.06,643
16.062,643
16.064,643
16.066,643
16.068,643
16.07,643
16.072,643
16.074,643
16.076,643
16.078,643
16.08,643
16.082,643
16.084,643
16.086,643
16.088,643
16.09,643
16.092,643
16.094,643
16.096,643
16.098,643
16.1,643
16.102,643
16.104,643
16.106,643
16.108,643
16.11,643
16.112,643
16.114,643
16.116,643
16.118,643
16.12,643
16.122,643
16.124,643
16.126,643
16.128,643
16.13,643
16.132,643
16.134,643
16.136,643
16.138,643
16.14,643
16.142,643
16.144,643
16.146,643
16.148,643
16.15,643
16.152,643
16.154,643
16.156,643
16.158,643
16.16,643
16.162,643
16.164,643
16.166,643
16.168,643
16.17,643
16.172,643
16.174,643
16.176,643
16.178,643
16.18,643
16.182,643
16.184,643
16.186,643
16.188,643
16.19,643
16.192,643
16.194,643
16.196,643
16.198,643
16.2,643
16.202,643
16.204,643
16.206,643
16.208,643
16.21,643
16.212,643
16.214,643
16.216,643
16.218,643
16.22,643
16.222,643
16.224,643
16.226,643
16.228,643
16.23,643
16.232,643
16.234,643
16.236,643
16.238,643
16.24,643
16.242,643
16.244,643
16.246,643
16.248,643
16.25,643
16.252,643
16.254,643
16.256,643
16.258,643
16.26,643
16.262,643
16.264,643
16.266,643
16.268,643
16.27,643
16.272,643
16.274,643
16.276,643
16.278,643
16.28,643
16.282,643
16.284,643
16.286,643
16.288,643
16.29,643
16.292,643
16.294,643
16.296,643
16.298,643
16.3,643
16.302,643
16.304,643
16.306,643
16.308,643
16.31,643
16.312,643
16.314,643
16.316,643
16.318,643
16.32,643
16.322,643
16.324,643
16.326,643
16.328,643
16.33,643
16.332,643
16.334,643
16.336,643
16.338,643
16.34,643
16.342,643
16.344,643
16.346,643
16.348,643
16.35,643
16.352,643
16.354,643
16.356,643
16.358,643
16.36,643
16.362,643
16.364,643
16.366,643
16.368,643
16.37,643
16.372,643
16.374,643
16.376,643
16.378,643
16.38,643
16.382,643
16.384,643
16.386,643
16.388,643
16.39,643
16.392,643
16.394,643
16.396,643
16.398,643
16.4,643
16.402,643
16.404,643
16.406,643
16.408,643
16.41,643
16.412,643
16.414,643
16.416,643
16.418,643
16.42,643
16.422,643
16.424,643
16.426,643
16.428,643
16.43,643
16.432,643
16.434,643
16.436,643
16.438,643
16.44,643
16.442,643
16.444,643
16.446,643
16.448,643
16.45,643
16.452,643
16.454,643
16.456,643
16.458,643
16.46,643
16.462,643
16.464,643
16.466,643
16.468,643
16.47,643
16.472,643
16.474,643
16.476,643
16.478,643
16.48,643
16.482,643
16.484,643
16.486,643
16.488,643
16.49,643
16.492,643
16.494,643
16.496,643
16.498,643
16.5,643
16.502,643
16.504,643
16.506,643
16.508,643
16.51,643
16.512,643
16.514,643
16.516,643
16.518,643
16.52,643
16.522,643
16.524,643
16.526,643
16.528,643
16.53,643
16.532,643
16.534,643
16.536,643
16.538,643
16.54,643
16.542,643
16.544,643
16.546,643
16.548,643
16.55,643
16.552,643
16.554,643
16.556,643
16.558,643
16.56,643
16.562,643
16.564,643
16.566,643
16.568,643
16.57,643
16.572,643
16.574,643
16.576,643
16.578,643
16.58,643
16.582,643
16.584,643
16.586,643
16.588,643
16.59,643
16.592,643
16.594,643
16.596,643
16.598,643
16.6,643
16.602,643
16.604,643
16.606,643
16.608,643
16.61,643
16.612,643
16.614,643
16.616,643
16.618,643
16.62,643
16.622,643
16.624,643
16.626,643
16.628,643
16.63,643
16.632,643
16.634,643
16.636,643
16.638,643
16.64,643
16.642,643
16.644,643
16.646,643
16.648,643
16.65,643
16.652,643
16.654,643
16.656,643
16.658,643
16.66,643
16.662,643
16.664,643
16.666,643
16.668,643
16.67,643
16.672,643
16.674,643
16.676,643
16.678,643
16.68,643
16.682,643
16.684,643
16.686,643
16.688,643
16.69,643
16.692,643
16.694,643
16.696,643
16.698,643
16.7,643
16.702,643
16.704,643
16.706,643
16.708,643
16.71,643
16.712,643
16.714,643
16.716,643
16.718,643
16.72,643
16.722,643
16.724,643
16.726,643
16.728,643
16.73,643
16.732,643
16.734,643
16.736,643
16.738,643
16.74,643
16.742,643
16.744,643
16.746,643
16.748,643
16.75,643
16.752,643
16.754,643
16.756,643
16.758,643
16.76,643
16.762,643
16.764,643
16.766,643
16.768,643
16.77,643
16.772,643
16.774,643
16.776,643
16.778,643
16.78,643
16.782,643
16.784,643
16.786,643
16.788,643
16.79,643
16.792,643
16.794,643
16.796,643
16.798,643
16.8,643
16.802,643
16.804,643
16.806,643
16.808,643
16.81,643
16.812,643
16.814,643
16.816,643
16.818,643
16.82,643
16.822,643
16.824,643
16.826,643
16.828,643
16.83,643
16.832,643
16.834,643
16.836,643
16.838,643
16.84,643
16.842,643
16.844,643
16.846,643
16.848,643
16.85,643
16.852,643
16.854,643
16.856,643
16.858,643
16.86,643
16.862,643
16.864,643
16.866,643
16.868,643
16.87,643
16.872,643
16.874,643
16.876,643
16.878,643
16.88,643
16.882,643
16.884,643
16.886,643
16.888,643
16.89,643
16.892,643
16.894,643
16.896,643
16.898,643
16.9,643
16.902,643
16.904,643
16.906,643
16.908,643
16.91,643
16.912,643
16.914,643
16.916,643
16.918,643
16.92,643
16.922,643
16.924,643
16.926,643
16.928,643
16.93,643
16.932,643
16.934,643
16.936,643
16.938,643
16.94,643
16.942,643
16.944,643
16.946,643
16.948,643
16.95,643
16.952,643
16.954,643
16.956,643
16.958,643
16.96,643
16.962,643
16.964,643
16.966,643
16.968,643
16.97,643
16.972,643
16.974,643
16.976,643
16.978,643
16.98,643
16.982,643
16.984,643
16.986,643
16.988,643
16.99,643
16.992,643
16.994,643
16.996,643
16.998,643
17.0,643
17.002,643
17.004,643
17.006,643
17.008,643
17.01,643
17.012,643
17.014,643
17.016,643
17.018,643
17.02,643
17.022,643
17.024,643
17.026,643
17.028,643
17.03,643
17.032,643
17.034,643
17.036,643
17.038,643
17.04,643
17.042,643
17.044,643
17.046,643
17.048,643
17.05,643
17.052,643
17.054,643
17.056,643
17.058,643
17.06,643
17.062,643
17.064,643
17.066,643
17.068,643
17.07,643
17.072,643
17.074,643
17.076,643
17.078,643
17.08,643
17.082,643
17.084,643
17.086,643
17.088,643
17.09,643
17.092,643
17.094,643
17.096,643
17.098,643
17.1,643
17.102,643
17.104,643
17.106,643
17.108,643
17.11,643
17.112,643
17.114,643
17.116,643
17.118,643
17.12,643
17.122,643
17.124,643
17.126,643
17.128,643
17.13,643
17.132,643
17.134,643
17.136,643
17.138,643
17.14,643
17.142,643
17.144,643
17.146,643
17.148,643
17.15,643
17.152,643
17.154,643
17.156,643
17.158,643
17.16,643
17.162,643
17.164,643
17.166,643
17.168,643
17.17,643
17.172,643
17.174,643
17.176,643
17.178,643
17.18,643
17.182,643
17.184,643
17.186,643
17.188,643
17.19,643
17.192,643
17.194,643
17.196,643
17.198,643
17.2,643
17.202,643
17.204,643
17.206,643
17.208,643
17.21,643
17.212,643
17.214,643
17.216,643
17.218,643
17.22,643
17.222,643
17.224,643
17.226,643
17.228,643
17.23,643
17.232,643
17.234,643
17.236,643
17.238,643
17.24,643
17.242,643
17.244,643
17.246,643
17.248,643
17.25,643
17.252,643
17.254,643
17.256,643
17.258,643
17.26,643
17.262,643
17.264,643
17.266,643
17.268,643
17.27,643
17.272,643
17.274,643
17.276,643
17.278,643
17.28,643
17.282,643
17.284,643
17.286,643
17.288,643
17.29,643
17.292,643
17.294,643
17.296,643
17.298,643
17.3,643
17.302,643
17.304,643
17.306,643
17.308,643
17.31,643
17.312,643
17.314,643
17.316,643
17.318,643
17.32,643
17.322,643
17.324,643
17.326,643
17.328,643
17.33,643
17.332,643
17.334,643
17.336,643
17.338,643
17.34,643
17.342,643
17.344,643
17.346,643
17.348,643
17.35,643
17.352,643
17.354,643
17.356,643
17.358,643
17.36,643
17.362,643
17.364,643
17.366,643
17.368,643
17.37,643
17.372,643
17.374,643
17.376,643
17.378,643
17.38,643
17.382,643
17.384,643
17.386,643
17.388,643
17.39,643
17.392,643
17.394,643
17.396,643
17.398,643
17.4,643
17.402,643
17.404,643
17.406,643
17.408,643
17.41,643
17.412,643
17.414,643
17.416,643
17.418,643
17.42,643
17.422,643
17.424,643
17.426,643
17.428,643
17.43,643
17.432,643
17.434,643
17.436,643
17.438,643
17.44,643
17.442,643
17.444,643
17.446,643
17.448,643
17.45,643
17.452,643
17.454,643
17.456,643
17.458,643
17.46,643
17.462,643
17.464,643
17.466,643
17.468,643
17.47,643
17.472,643
17.474,643
17.476,643
17.478,643
17.48,643
17.482,643
17.484,643
17.486,643
17.488,643
17.49,643
17.492,643
17.494,643
17.496,643
17.498,643
17.5,643
17.502,643
17.504,643
17.506,643
17.508,643
17.51,643
17.512,643
17.514,643
17.516,643
17.518,643
17.52,643
17.522,643
17.524,643
17.526,643
17.528,643
17.53,643
17.532,643
17.534,643
17.536,643
17.538,643
17.54,643
17.542,643
17.544,643
17.546,643
17.548,643
17.55,643
17.552,643
17.554,643
17.556,643
17.558,643
17.56,643
17.562,643
17.564,643
17.566,643
17.568,643
17.57,643
17.572,643
17.574,643
17.576,643
17.578,643
17.58,643
17.582,643
17.584,643
17.586,643
17.588,643
17.59,643
17.592,643
17.594,643
17.596,643
17.598,643
17.6,643
17.602,643
17.604,643
17.606,643
17.608,643
17.61,643
17.612,643
17.614,643
17.616,643
17.618,643
17.62,643
17.622,643
17.624,643
17.626,643
17.628,643
17.63,643
17.632,643
17.634,643
17.636,643
17.638,643
17.64,643
17.642,643
17.644,643
17.646,643
17.648,643
17.65,643
17.652,643
17.654,643
17.656,643
17.658,643
17.66,643
17.662,643
17.664,643
17.666,643
17.668,643
17.67,643
17.672,643
17.674,643
17.676,643
17.678,643
17.68,643
17.682,643
17.684,643
17.686,643
17.688,643
17.69,643
17.692,643
17.694,643
17.696,643
17.698,643
17.7,643
17.702,643
17.704,643
17.706,643
17.708,643
17.71,643
17.712,643
17.714,643
17.716,643
17.718,643
17.72,643
17.722,643
17.724,643
17.726,643
17.728,643
17.73,643
17.732,643
17.734,643
17.736,643
17.738,643
17.74,643
17.742,643
17.744,643
17.746,643
17.748,643
17.75,643
17.752,643
17.754,643
17.756,643
17.758,643
17.76,643
17.762,643
17.764,643
17.766,643
17.768,643
17.77,643
17.772,643
17.774,643
17.776,643
17.778,643
17.78,643
17.782,643
17.784,643
17.786,643
17.788,643
17.79,643
17.792,643
17.794,643
17.796,643
17.798,643
17.8,643
17.802,643
17.804,643
17.806,643
17.808,643
17.81,643
17.812,643
17.814,643
17.816,643
17.818,643
17.82,643
17.822,643
17.824,643
17.826,643
17.828,643
17.83,643
17.832,643
17.834,643
17.836,643
17.838,643
17.84,643
17.842,643
17.844,643
17.846,643
17.848,643
17.85,643
17.852,643
17.854,643
17.856,643
17.858,643
17.86,643
17.862,643
17.864,643
17.866,643
17.868,643
17.87,643
17.872,643
17.874,643
17.876,643
17.878,643
17.88,643
17.882,643
17.884,643
17.886,643
17.888,643
17.89,643
17.892,643
17.894,643
17.896,643
17.898,643
17.9,643
17.902,643
17.904,643
17.906,643
17.908,643
17.91,643
17.912,643
17.914,643
17.916,643
17.918,643
17.92,643
17.922,643
17.924,643
17.926,643
17.928,643
17.93,643
17.932,643
17.934,643
17.936,643
17.938,643
17.94,643
17.942,643
17.944,643
17.946,643
17.948,643
17.95,643
17.952,643
17.954,643
17.956,643
17.958,643
17.96,643
17.962,643
17.964,643
17.966,643
17.968,643
17.97,643
17.972,643
17.974,643
17.976,643
17.978,643
17.98,643
17.982,643
17.984,643
17.986,643
17.988,643
17.99,643
17.992,643
17.994,643
17.996,643
17.998,643
