12	0000053c	28	[]
9	00000558	20	[]
12	00000410	36	[FUN(0000053c), CALL(00000554)]
41	00000518	12	[FUN(0000053c), CALL(00000554)]
0	00000524	4	[FUN(0000053c), CALL(00000554)]
8	0000052c	16	[FUN(0000053c), CALL(00000554)]
72	00000434	20	[FUN(0000053c), CALL(00000554)]
408	000004f0	16	[FUN(0000053c), CALL(00000554)]
40	00000500	12	[FUN(0000053c), CALL(00000554)]
21	0000050c	12	[FUN(0000053c), CALL(00000554)]
2	00000528	4	[FUN(0000053c), CALL(00000554)]
952	00000448	52	[FUN(0000053c), CALL(00000554)]
1568	0000047c	104	[FUN(0000053c), CALL(00000554)]
280	000004e4	12	[FUN(0000053c), CALL(00000554)]
